phy.species,depth_cat,habitat3,benthic,sociality.3,sociality.bin,depth.max,depth.min,depth.range,depth.mean,lat.range,lifespan.max,lifespan.min,matage.max,matage.min,defense.repertoire,foraging.repertoire,cog2,diet.breadth,predator.breadth,WoS,articles.read,lifespan.mean,matage.mean,pos.latmean,eq.dist,CNS_measure,CNS_value,ML_measure,ML_value
Abdopus_aculeatus,1,2,1,2,0,-2.934,-1.227,-1.256,-2.911,-5.402,-0.794,0.16,NA,NA,1.152,0.933,0.203,NA,NA,-1.996,-1.485,-0.512,NA,-1.797,0.321,CNS.1,0.504,ML.1,-0.617
Abdopus_aculeatus,1,2,1,2,0,-2.934,-1.227,-1.256,-2.911,-5.402,-0.794,0.16,NA,NA,1.152,0.933,0.203,NA,NA,-1.996,-1.485,-0.512,NA,-1.797,0.321,CNS.2,0.031,ML.2,-0.379
Abdopus_aculeatus,1,2,1,2,0,-2.934,-1.227,-1.256,-2.911,-5.402,-0.794,0.16,NA,NA,1.152,0.933,0.203,NA,NA,-1.996,-1.485,-0.512,NA,-1.797,0.321,CNS.3,0.747,ML.3,-0.027
Abralia_veranyi,2,0,0,1,0,-0.057,-1.227,0.098,-0.098,-0.191,NA,NA,NA,NA,-0.575,NA,-0.957,-0.127,0.236,0.252,0.046,NA,NA,0.101,0.232,CNS.1,-0.104,ML.1,-0.49
Abralia_veranyi,2,0,0,1,0,-0.057,-1.227,0.098,-0.098,-0.191,NA,NA,NA,NA,-0.575,NA,-0.957,-0.127,0.236,0.252,0.046,NA,NA,0.101,0.232,CNS.2,-0.559,ML.2,-0.256
Abralia_veranyi,2,0,0,1,0,-0.057,-1.227,0.098,-0.098,-0.191,NA,NA,NA,NA,-0.575,NA,-0.957,-0.127,0.236,0.252,0.046,NA,NA,0.101,0.232,CNS.3,NA,ML.3,NA
Abraliopsis_morisii,2,0,0,1,0,-0.137,0.758,0.036,-0.127,-0.019,-2.033,-1.882,-1.437,-1.189,-1.666,NA,NA,0.757,-1.54,-0.257,-0.325,-2.281,-1.551,0.453,0.343,CNS.1,-0.372,ML.1,-0.699
Abraliopsis_morisii,2,0,0,1,0,-0.137,0.758,0.036,-0.127,-0.019,-2.033,-1.882,-1.437,-1.189,-1.666,NA,NA,0.757,-1.54,-0.257,-0.325,-2.281,-1.551,0.453,0.343,CNS.2,-1.121,ML.2,-0.706
Abraliopsis_morisii,2,0,0,1,0,-0.137,0.758,0.036,-0.127,-0.019,-2.033,-1.882,-1.437,-1.189,-1.666,NA,NA,0.757,-1.54,-0.257,-0.325,-2.281,-1.551,0.453,0.343,CNS.3,-0.28,ML.3,-0.347
Alloteuthis_media,1,1,1,1,0,-0.112,-1.227,0.072,-0.152,-0.331,-0.212,-0.819,NA,NA,NA,NA,NA,0.757,0.701,0.234,0.233,-0.513,NA,0.954,0.453,CNS.1,0.528,ML.1,-0.088
Alloteuthis_media,1,1,1,1,0,-0.112,-1.227,0.072,-0.152,-0.331,-0.212,-0.819,NA,NA,NA,NA,NA,0.757,0.701,0.234,0.233,-0.513,NA,0.954,0.453,CNS.2,0.147,ML.2,0.191
Alloteuthis_media,1,1,1,1,0,-0.112,-1.227,0.072,-0.152,-0.331,-0.212,-0.819,NA,NA,NA,NA,NA,0.757,0.701,0.234,0.233,-0.513,NA,0.954,0.453,CNS.3,NA,ML.3,NA
Alloteuthis_subulata,1,1,1,3,1,-0.312,0.595,-0.027,-0.337,-0.302,0.2,-0.903,-0.945,-1.358,0.515,-0.317,0.742,-0.828,0.701,0.918,1.024,-0.177,-1.282,0.939,0.45,CNS.1,-0.14,ML.1,-0.758
Alloteuthis_subulata,1,1,1,3,1,-0.312,0.595,-0.027,-0.337,-0.302,0.2,-0.903,-0.945,-1.358,0.515,-0.317,0.742,-0.828,0.701,0.918,1.024,-0.177,-1.282,0.939,0.45,CNS.2,-1.166,ML.2,-0.706
Alloteuthis_subulata,1,1,1,3,1,-0.312,0.595,-0.027,-0.337,-0.302,0.2,-0.903,-0.945,-1.358,0.515,-0.317,0.742,-0.828,0.701,0.918,1.024,-0.177,-1.282,0.939,0.45,CNS.3,NA,ML.3,NA
Amphitretus_pelagicus,4,0,0,1,0,0.617,0.819,0.399,0.593,0.382,NA,NA,NA,NA,-0.575,-1.263,-0.957,NA,NA,-0.775,-1.485,NA,NA,-0.306,-0.002,CNS.1,-1.649,ML.1,-1.025
Amphitretus_pelagicus,4,0,0,1,0,0.617,0.819,0.399,0.593,0.382,NA,NA,NA,NA,-0.575,-1.263,-0.957,NA,NA,-0.775,-1.485,NA,NA,-0.306,-0.002,CNS.2,NA,ML.2,NA
Amphitretus_pelagicus,4,0,0,1,0,0.617,0.819,0.399,0.593,0.382,NA,NA,NA,NA,-0.575,-1.263,-0.957,NA,NA,-0.775,-1.485,NA,NA,-0.306,-0.002,CNS.3,NA,ML.3,NA
Ancistroteuthis_lichtensteinii,4,0,0,1,0,0.313,-1.227,0.272,0.264,0.927,NA,NA,NA,NA,NA,NA,NA,-0.828,0.236,-0.149,-0.266,NA,NA,-0.458,-0.21,CNS.1,0.546,ML.1,0.902
Ancistroteuthis_lichtensteinii,4,0,0,1,0,0.313,-1.227,0.272,0.264,0.927,NA,NA,NA,NA,NA,NA,NA,-0.828,0.236,-0.149,-0.266,NA,NA,-0.458,-0.21,CNS.2,0.332,ML.2,1.148
Ancistroteuthis_lichtensteinii,4,0,0,1,0,0.313,-1.227,0.272,0.264,0.927,NA,NA,NA,NA,NA,NA,NA,-0.828,0.236,-0.149,-0.266,NA,NA,-0.458,-0.21,CNS.3,NA,ML.3,NA
Architeuthis_dux,4,0,0,1,0,0.082,0.881,0.084,0.169,0.977,2.992,0.16,0.257,0.539,NA,0.236,-0.957,0.757,0.701,0.471,0.422,2.688,0.23,-0.138,0.12,CNS.1,2.18,ML.1,3.635
Architeuthis_dux,4,0,0,1,0,0.082,0.881,0.084,0.169,0.977,2.992,0.16,0.257,0.539,NA,0.236,-0.957,0.757,0.701,0.471,0.422,2.688,0.23,-0.138,0.12,CNS.2,NA,ML.2,NA
Architeuthis_dux,4,0,0,1,0,0.082,0.881,0.084,0.169,0.977,2.992,0.16,0.257,0.539,NA,0.236,-0.957,0.757,0.701,0.471,0.422,2.688,0.23,-0.138,0.12,CNS.3,NA,ML.3,NA
Argonauta_argo,1,0,0,2,0,0.424,-1.227,0.324,0.373,0.642,NA,NA,NA,NA,0.866,0.236,-0.225,-0.127,1.061,0.912,0.633,NA,NA,-0.57,-4.816,CNS.1,0.223,ML.1,-0.49
Argonauta_argo,1,0,0,2,0,0.424,-1.227,0.324,0.373,0.642,NA,NA,NA,NA,0.866,0.236,-0.225,-0.127,1.061,0.912,0.633,NA,NA,-0.57,-4.816,CNS.2,-0.326,ML.2,-0.337
Argonauta_argo,1,0,0,2,0,0.424,-1.227,0.324,0.373,0.642,NA,NA,NA,NA,0.866,0.236,-0.225,-0.127,1.061,0.912,0.633,NA,NA,-0.57,-4.816,CNS.3,-0.48,ML.3,NA
Bathothauma_lyromma,3,0,0,1,0,0.617,0.881,0.382,0.624,0.575,NA,NA,NA,NA,NA,NA,NA,NA,-1.54,-0.775,-0.862,NA,NA,-0.458,-0.21,CNS.1,-0.482,ML.1,0.939
Bathothauma_lyromma,3,0,0,1,0,0.617,0.881,0.382,0.624,0.575,NA,NA,NA,NA,NA,NA,NA,NA,-1.54,-0.775,-0.862,NA,NA,-0.458,-0.21,CNS.2,NA,ML.2,NA
Bathothauma_lyromma,3,0,0,1,0,0.617,0.881,0.382,0.624,0.575,NA,NA,NA,NA,NA,NA,NA,NA,-1.54,-0.775,-0.862,NA,NA,-0.458,-0.21,CNS.3,NA,ML.3,NA
Bathypolypus_bairdii,4,2,1,1,0,0.444,0.676,0.33,0.4,-2.722,0.782,1.711,NA,NA,NA,-0.317,-0.957,NA,NA,-0.872,-0.738,1.233,NA,1.169,0.491,CNS.1,0.561,ML.1,0.2
Bathypolypus_bairdii,4,2,1,1,0,0.444,0.676,0.33,0.4,-2.722,0.782,1.711,NA,NA,NA,-0.317,-0.957,NA,NA,-0.872,-0.738,1.233,NA,1.169,0.491,CNS.2,NA,ML.2,NA
Bathypolypus_bairdii,4,2,1,1,0,0.444,0.676,0.33,0.4,-2.722,0.782,1.711,NA,NA,NA,-0.317,-0.957,NA,NA,-0.872,-0.738,1.233,NA,1.169,0.491,CNS.3,NA,ML.3,NA
Bathypolypus_sponsalis,4,2,1,1,0,0.559,0.866,0.357,0.563,-0.637,1.195,0.16,0.544,-0.873,NA,NA,NA,0.371,-0.42,-0.117,-0.39,0.943,0.054,0.61,0.381,CNS.1,-0.098,ML.1,-0.617
Bathypolypus_sponsalis,4,2,1,1,0,0.559,0.866,0.357,0.563,-0.637,1.195,0.16,0.544,-0.873,NA,NA,NA,0.371,-0.42,-0.117,-0.39,0.943,0.054,0.61,0.381,CNS.2,-0.902,ML.2,-0.813
Bathypolypus_sponsalis,4,2,1,1,0,0.559,0.866,0.357,0.563,-0.637,1.195,0.16,0.544,-0.873,NA,NA,NA,0.371,-0.42,-0.117,-0.39,0.943,0.054,0.61,0.381,CNS.3,-0.386,ML.3,-0.685
Bathyteuthis_abyssicola,4,0,0,1,0,1.114,0.962,0.609,1.121,1.07,NA,NA,NA,NA,NA,NA,-0.957,NA,-1.54,-0.257,-0.212,NA,NA,-1.319,0.216,CNS.1,-1.865,ML.1,-1.102
Bathyteuthis_abyssicola,4,0,0,1,0,1.114,0.962,0.609,1.121,1.07,NA,NA,NA,NA,NA,NA,-0.957,NA,-1.54,-0.257,-0.212,NA,NA,-1.319,0.216,CNS.2,NA,ML.2,NA
Bathyteuthis_abyssicola,4,0,0,1,0,1.114,0.962,0.609,1.121,1.07,NA,NA,NA,NA,NA,NA,-0.957,NA,-1.54,-0.257,-0.212,NA,NA,-1.319,0.216,CNS.3,NA,ML.3,NA
Bolitaena_pygmaea,3,0,0,1,0,0.467,-1.227,0.345,0.415,0.616,NA,NA,NA,NA,NA,NA,-0.225,NA,-0.42,-1.561,-1.485,NA,NA,-0.525,-0.429,CNS.1,-0.831,ML.1,-0.005
Bolitaena_pygmaea,3,0,0,1,0,0.467,-1.227,0.345,0.415,0.616,NA,NA,NA,NA,NA,NA,-0.225,NA,-0.42,-1.561,-1.485,NA,NA,-0.525,-0.429,CNS.2,NA,ML.2,NA
Bolitaena_pygmaea,3,0,0,1,0,0.467,-1.227,0.345,0.415,0.616,NA,NA,NA,NA,NA,NA,-0.225,NA,-0.42,-1.561,-1.485,NA,NA,-0.525,-0.429,CNS.3,NA,ML.3,NA
Callistoctopus_macropus,1,2,1,1,0,-0.799,0.614,-0.264,-0.796,-0.562,NA,NA,NA,NA,0.866,-0.317,-0.957,-2.028,-1.54,0.603,0.114,NA,NA,0.576,0.373,CNS.1,0.191,ML.1,NA
Callistoctopus_macropus,1,2,1,1,0,-0.799,0.614,-0.264,-0.796,-0.562,NA,NA,NA,NA,0.866,-0.317,-0.957,-2.028,-1.54,0.603,0.114,NA,NA,0.576,0.373,CNS.2,NA,ML.2,NA
Callistoctopus_macropus,1,2,1,1,0,-0.799,0.614,-0.264,-0.796,-0.562,NA,NA,NA,NA,0.866,-0.317,-0.957,-2.028,-1.54,0.603,0.114,NA,NA,0.576,0.373,CNS.3,NA,ML.3,NA
Chiroteuthis_veranii,4,0,0,3,1,0.137,0.926,0.059,0.284,1.07,NA,NA,NA,NA,-1.666,-1.263,NA,-0.127,1.061,0.116,0.046,NA,NA,-0.57,-4.816,CNS.1,-0.424,ML.1,-0.122
Chiroteuthis_veranii,4,0,0,3,1,0.137,0.926,0.059,0.284,1.07,NA,NA,NA,NA,-1.666,-1.263,NA,-0.127,1.061,0.116,0.046,NA,NA,-0.57,-4.816,CNS.2,NA,ML.2,NA
Chiroteuthis_veranii,4,0,0,3,1,0.137,0.926,0.059,0.284,1.07,NA,NA,NA,NA,-1.666,-1.263,NA,-0.127,1.061,0.116,0.046,NA,NA,-0.57,-4.816,CNS.3,NA,ML.3,NA
Chtenopteryx_sicula,2,0,0,1,0,0.274,0.855,0.212,0.304,0.705,NA,NA,NA,NA,NA,NA,NA,-2.028,-1.54,-0.437,-0.266,NA,NA,-0.242,0.051,CNS.1,-0.958,ML.1,-0.884
Chtenopteryx_sicula,2,0,0,1,0,0.274,0.855,0.212,0.304,0.705,NA,NA,NA,NA,NA,NA,NA,-2.028,-1.54,-0.437,-0.266,NA,NA,-0.242,0.051,CNS.2,NA,ML.2,NA
Chtenopteryx_sicula,2,0,0,1,0,0.274,0.855,0.212,0.304,0.705,NA,NA,NA,NA,NA,NA,NA,-2.028,-1.54,-0.437,-0.266,NA,NA,-0.242,0.051,CNS.3,NA,ML.3,NA
Cirroteuthis_muelleri,4,2,1,1,0,1.211,0.962,0.66,1.206,-0.599,NA,NA,NA,NA,NA,0.236,-0.957,NA,-1.54,-0.692,-0.633,NA,NA,1.726,0.575,CNS.1,-1.471,ML.1,-0.005
Cirroteuthis_muelleri,4,2,1,1,0,1.211,0.962,0.66,1.206,-0.599,NA,NA,NA,NA,NA,0.236,-0.957,NA,-1.54,-0.692,-0.633,NA,NA,1.726,0.575,CNS.2,NA,ML.2,NA
Cirroteuthis_muelleri,4,2,1,1,0,1.211,0.962,0.66,1.206,-0.599,NA,NA,NA,NA,NA,0.236,-0.957,NA,-1.54,-0.692,-0.633,NA,NA,1.726,0.575,CNS.3,NA,ML.3,NA
Cirrothauma_murrayi,4,1,1,1,0,1.21,1.024,0.622,1.264,0.189,NA,NA,NA,NA,-0.575,NA,NA,NA,NA,-0.618,-0.633,NA,NA,1.372,0.524,CNS.1,-1.749,ML.1,0.864
Cirrothauma_murrayi,4,1,1,1,0,1.21,1.024,0.622,1.264,0.189,NA,NA,NA,NA,-0.575,NA,NA,NA,NA,-0.618,-0.633,NA,NA,1.372,0.524,CNS.2,NA,ML.2,NA
Cirrothauma_murrayi,4,1,1,1,0,1.21,1.024,0.622,1.264,0.189,NA,NA,NA,NA,-0.575,NA,NA,NA,NA,-0.618,-0.633,NA,NA,1.372,0.524,CNS.3,NA,ML.3,NA
Cranchia_scabra,3,0,0,1,0,0.617,-1.227,0.415,0.561,0.519,-0.794,0.16,NA,NA,-0.575,NA,NA,NA,0.236,-0.149,-0.161,-0.512,NA,-0.414,-0.13,CNS.1,0.32,ML.1,0.606
Cranchia_scabra,3,0,0,1,0,0.617,-1.227,0.415,0.561,0.519,-0.794,0.16,NA,NA,-0.575,NA,NA,NA,0.236,-0.149,-0.161,-0.512,NA,-0.414,-0.13,CNS.2,NA,ML.2,NA
Cranchia_scabra,3,0,0,1,0,0.617,-1.227,0.415,0.561,0.519,-0.794,0.16,NA,NA,-0.575,NA,NA,NA,0.236,-0.149,-0.161,-0.512,NA,-0.414,-0.13,CNS.3,NA,ML.3,NA
Discoteuthis_laciniosa,2,0,0,1,0,0.152,0.819,0.163,0.169,-1.168,NA,NA,NA,NA,NA,NA,NA,NA,-1.54,-1.996,-1.956,NA,NA,0.382,0.323,CNS.1,0.062,ML.1,-0.467
Discoteuthis_laciniosa,2,0,0,1,0,0.152,0.819,0.163,0.169,-1.168,NA,NA,NA,NA,NA,NA,NA,NA,-1.54,-1.996,-1.956,NA,NA,0.382,0.323,CNS.2,NA,ML.2,NA
Discoteuthis_laciniosa,2,0,0,1,0,0.152,0.819,0.163,0.169,-1.168,NA,NA,NA,NA,NA,NA,NA,NA,-1.54,-1.996,-1.956,NA,NA,0.382,0.323,CNS.3,NA,ML.3,NA
Egea_inermis,3,0,0,1,0,0.617,0.917,0.364,0.653,0.46,NA,NA,NA,NA,NA,NA,NA,NA,NA,-0.986,-1.013,NA,NA,-0.414,-0.13,CNS.1,-0.382,ML.1,1.157
Egea_inermis,3,0,0,1,0,0.617,0.917,0.364,0.653,0.46,NA,NA,NA,NA,NA,NA,NA,NA,NA,-0.986,-1.013,NA,NA,-0.414,-0.13,CNS.2,NA,ML.2,NA
Egea_inermis,3,0,0,1,0,0.617,0.917,0.364,0.653,0.46,NA,NA,NA,NA,NA,NA,NA,NA,NA,-0.986,-1.013,NA,NA,-0.414,-0.13,CNS.3,NA,ML.3,NA
Eledone_cirrhosa,1,2,1,2,0,0.003,0.553,0.124,-0.035,-0.245,0.782,0.378,0.971,-0.367,-0.575,1.181,-0.225,1.073,1.061,1.416,1.583,0.653,0.527,1.213,0.498,CNS.1,1.084,ML.1,0.453
Eledone_cirrhosa,1,2,1,2,0,0.003,0.553,0.124,-0.035,-0.245,0.782,0.378,0.971,-0.367,-0.575,1.181,-0.225,1.073,1.061,1.416,1.583,0.653,0.527,1.213,0.498,CNS.2,0.547,ML.2,0.493
Eledone_cirrhosa,1,2,1,2,0,0.003,0.553,0.124,-0.035,-0.245,0.782,0.378,0.971,-0.367,-0.575,1.181,-0.225,1.073,1.061,1.416,1.583,0.653,0.527,1.213,0.498,CNS.3,NA,ML.3,NA
Eledone_moschata,1,2,1,2,0,-0.177,-1.227,0.042,-0.215,-1.231,0.2,0.475,0.971,0.425,-0.575,0.628,0.506,1.073,1.061,1.388,0.962,0.259,0.707,0.843,0.431,CNS.1,0.823,ML.1,0.42
Eledone_moschata,1,2,1,2,0,-0.177,-1.227,0.042,-0.215,-1.231,0.2,0.475,0.971,0.425,-0.575,0.628,0.506,1.073,1.061,1.388,0.962,0.259,0.707,0.843,0.431,CNS.2,0.297,ML.2,0.493
Eledone_moschata,1,2,1,2,0,-0.177,-1.227,0.042,-0.215,-1.231,0.2,0.475,0.971,0.425,-0.575,0.628,0.506,1.073,1.061,1.388,0.962,0.259,0.707,0.843,0.431,CNS.3,0.056,ML.3,NA
Enteroctopus_dofleini,1,2,1,1,0,0.424,-1.227,0.324,0.373,-0.425,1.515,1.711,1.603,1.997,1.152,1.392,1.665,1.57,0.701,1.343,1.271,1.69,1.681,1.184,0.493,CNS.1,1.977,ML.1,NA
Enteroctopus_dofleini,1,2,1,1,0,0.424,-1.227,0.324,0.373,-0.425,1.515,1.711,1.603,1.997,1.152,1.392,1.665,1.57,0.701,1.343,1.271,1.69,1.681,1.184,0.493,CNS.2,NA,ML.2,NA
Enteroctopus_dofleini,1,2,1,1,0,0.424,-1.227,0.324,0.373,-0.425,1.515,1.711,1.603,1.997,1.152,1.392,1.665,1.57,0.701,1.343,1.271,1.69,1.681,1.184,0.493,CNS.3,NA,ML.3,NA
Galiteuthis_armata,3,0,0,1,0,0.766,0.962,0.415,0.827,-0.803,NA,NA,NA,NA,NA,NA,NA,-0.828,0.701,-0.002,0.334,NA,NA,-4.688,0.534,CNS.1,0.053,ML.1,1.642
Galiteuthis_armata,3,0,0,1,0,0.766,0.962,0.415,0.827,-0.803,NA,NA,NA,NA,NA,NA,NA,-0.828,0.701,-0.002,0.334,NA,NA,-4.688,0.534,CNS.2,NA,ML.2,NA
Galiteuthis_armata,3,0,0,1,0,0.766,0.962,0.415,0.827,-0.803,NA,NA,NA,NA,NA,NA,NA,-0.828,0.701,-0.002,0.334,NA,NA,-4.688,0.534,CNS.3,NA,ML.3,NA
Gonatus_fabricii,3,0,0,3,1,0.888,0.861,0.526,0.861,-0.362,0.782,0.16,1.603,1.997,NA,NA,-0.225,1.073,1.061,0.806,0.781,0.589,1.681,1.553,0.551,CNS.1,0.09,ML.1,0.453
Gonatus_fabricii,3,0,0,3,1,0.888,0.861,0.526,0.861,-0.362,0.782,0.16,1.603,1.997,NA,NA,-0.225,1.073,1.061,0.806,0.781,0.589,1.681,1.553,0.551,CNS.2,NA,ML.2,NA
Gonatus_fabricii,3,0,0,3,1,0.888,0.861,0.526,0.861,-0.362,0.782,0.16,1.603,1.997,NA,NA,-0.225,1.073,1.061,0.806,0.781,0.589,1.681,1.553,0.551,CNS.3,NA,ML.3,NA
Grimalditeuthis_bonplandi,4,0,0,1,0,0.632,0.978,0.313,0.745,0.575,NA,NA,NA,NA,-1.666,-1.263,NA,-0.127,0.236,-0.986,-0.862,NA,NA,-0.458,-0.21,CNS.1,-0.856,ML.1,-0.14
Grimalditeuthis_bonplandi,4,0,0,1,0,0.632,0.978,0.313,0.745,0.575,NA,NA,NA,NA,-1.666,-1.263,NA,-0.127,0.236,-0.986,-0.862,NA,NA,-0.458,-0.21,CNS.2,NA,ML.2,NA
Grimalditeuthis_bonplandi,4,0,0,1,0,0.632,0.978,0.313,0.745,0.575,NA,NA,NA,NA,-1.666,-1.263,NA,-0.127,0.236,-0.986,-0.862,NA,NA,-0.458,-0.21,CNS.3,NA,ML.3,NA
Haliphron_atlanticus,3,1,1,1,0,1.436,-1.227,0.8,1.362,1.052,NA,NA,NA,NA,-0.575,-0.317,-0.225,-0.127,0.701,0.286,0.285,NA,NA,0.216,0.273,CNS.1,0.424,ML.1,NA
Haliphron_atlanticus,3,1,1,1,0,1.436,-1.227,0.8,1.362,1.052,NA,NA,NA,NA,-0.575,-0.317,-0.225,-0.127,0.701,0.286,0.285,NA,NA,0.216,0.273,CNS.2,NA,ML.2,NA
Haliphron_atlanticus,3,1,1,1,0,1.436,-1.227,0.8,1.362,1.052,NA,NA,NA,NA,-0.575,-0.317,-0.225,-0.127,0.701,0.286,0.285,NA,NA,0.216,0.273,CNS.3,NA,ML.3,NA
Hapalochlaena_fasciata,1,2,1,1,0,-2.47,-1.227,-1.037,-2.457,-1.61,NA,NA,-1.496,-0.873,0.515,-1.263,-0.957,-0.828,NA,-0.552,-0.325,NA,-1.441,-2.269,0.385,CNS.1,-0.359,ML.1,-0.884
Hapalochlaena_fasciata,1,2,1,1,0,-2.47,-1.227,-1.037,-2.457,-1.61,NA,NA,-1.496,-0.873,0.515,-1.263,-0.957,-0.828,NA,-0.552,-0.325,NA,-1.441,-2.269,0.385,CNS.2,-0.953,ML.2,-0.928
Hapalochlaena_fasciata,1,2,1,1,0,-2.47,-1.227,-1.037,-2.457,-1.61,NA,NA,-1.496,-0.873,0.515,-1.263,-0.957,-0.828,NA,-0.552,-0.325,NA,-1.441,-2.269,0.385,CNS.3,NA,ML.3,NA
Helicocranchia_pfefferi,3,0,0,1,0,0.617,1.085,-7.79,1.015,-0.849,NA,NA,NA,NA,NA,NA,NA,NA,NA,-1.996,-1.956,NA,NA,0.345,0.313,CNS.1,-1.844,ML.1,NA
Helicocranchia_pfefferi,3,0,0,1,0,0.617,1.085,-7.79,1.015,-0.849,NA,NA,NA,NA,NA,NA,NA,NA,NA,-1.996,-1.956,NA,NA,0.345,0.313,CNS.2,NA,ML.2,NA
Helicocranchia_pfefferi,3,0,0,1,0,0.617,1.085,-7.79,1.015,-0.849,NA,NA,NA,NA,NA,NA,NA,NA,NA,-1.996,-1.956,NA,NA,0.345,0.313,CNS.3,NA,ML.3,NA
Heteroteuthis_dispar,2,1,1,3,1,0.003,0.819,0.084,0.038,-0.019,0.2,1.138,0.053,0.887,-0.575,NA,NA,NA,1.061,0.252,0.26,0.588,0.261,0.489,0.352,CNS.1,-0.544,ML.1,-1.587
Heteroteuthis_dispar,2,1,1,3,1,0.003,0.819,0.084,0.038,-0.019,0.2,1.138,0.053,0.887,-0.575,NA,NA,NA,1.061,0.252,0.26,0.588,0.261,0.489,0.352,CNS.2,-1.546,ML.2,-1.855
Heteroteuthis_dispar,2,1,1,3,1,0.003,0.819,0.084,0.038,-0.019,0.2,1.138,0.053,0.887,-0.575,NA,NA,NA,1.061,0.252,0.26,0.588,0.261,0.489,0.352,CNS.3,-1.489,ML.3,-1.976
Histioteuthis_miranda,4,1,1,1,0,0.274,0.917,0.163,0.373,0.003,0.2,1.138,NA,NA,NA,NA,NA,-2.028,0.236,-0.872,-0.633,0.588,NA,-1.264,0.2,CNS.1,0.281,ML.1,-0.272
Histioteuthis_miranda,4,1,1,1,0,0.274,0.917,0.163,0.373,0.003,0.2,1.138,NA,NA,NA,NA,NA,-2.028,0.236,-0.872,-0.633,0.588,NA,-1.264,0.2,CNS.2,NA,ML.2,NA
Histioteuthis_miranda,4,1,1,1,0,0.274,0.917,0.163,0.373,0.003,0.2,1.138,NA,NA,NA,NA,NA,-2.028,0.236,-0.872,-0.633,0.588,NA,-1.264,0.2,CNS.3,NA,ML.3,NA
Illex_coindetii,2,1,1,1,0,0.216,-1.227,0.227,0.169,0.505,-0.212,-0.818,-0.297,-0.897,NA,NA,-0.957,0.371,0.701,1.117,1.5,-0.513,-0.653,0.253,0.285,CNS.1,1.176,ML.1,0.931
Illex_coindetii,2,1,1,1,0,0.216,-1.227,0.227,0.169,0.505,-0.212,-0.818,-0.297,-0.897,NA,NA,-0.957,0.371,0.701,1.117,1.5,-0.513,-0.653,0.253,0.285,CNS.2,0.606,ML.2,0.812
Illex_coindetii,2,1,1,1,0,0.216,-1.227,0.227,0.169,0.505,-0.212,-0.818,-0.297,-0.897,NA,NA,-0.957,0.371,0.701,1.117,1.5,-0.513,-0.653,0.253,0.285,CNS.3,NA,ML.3,NA
Illex_illecebrosus,2,1,1,3,1,0.769,0.667,0.485,0.715,-0.273,-0.794,-1.471,-1.892,-1.394,0.866,1.392,0.742,0.757,0.701,1.47,1.496,-1.179,-1.91,1.109,0.481,CNS.1,0.581,ML.1,0.917
Illex_illecebrosus,2,1,1,3,1,0.769,0.667,0.485,0.715,-0.273,-0.794,-1.471,-1.892,-1.394,0.866,1.392,0.742,0.757,0.701,1.47,1.496,-1.179,-1.91,1.109,0.481,CNS.2,NA,ML.2,NA
Illex_illecebrosus,2,1,1,3,1,0.769,0.667,0.485,0.715,-0.273,-0.794,-1.471,-1.892,-1.394,0.866,1.392,0.742,0.757,0.701,1.47,1.496,-1.179,-1.91,1.109,0.481,CNS.3,NA,ML.3,NA
Japetella_diaphana,3,0,0,1,0,0.766,0.978,0.399,0.848,0.764,NA,NA,NA,NA,-1.666,NA,-0.225,0.371,0.701,-0.34,-0.212,NA,NA,-0.138,0.12,CNS.1,-2.082,ML.1,-1.32
Japetella_diaphana,3,0,0,1,0,0.766,0.978,0.399,0.848,0.764,NA,NA,NA,NA,-1.666,NA,-0.225,0.371,0.701,-0.34,-0.212,NA,NA,-0.138,0.12,CNS.2,NA,ML.2,NA
Japetella_diaphana,3,0,0,1,0,0.766,0.978,0.399,0.848,0.764,NA,NA,NA,NA,-1.666,NA,-0.225,0.371,0.701,-0.34,-0.212,NA,NA,-0.138,0.12,CNS.3,NA,ML.3,NA
Joubiniteuthis_portieri,4,0,0,1,0,1.081,-1.227,0.634,1.015,0.349,NA,NA,NA,NA,NA,NA,NA,NA,0.236,-1.126,-0.862,NA,NA,-0.349,-0.045,CNS.1,-1.865,ML.1,-0.884
Joubiniteuthis_portieri,4,0,0,1,0,1.081,-1.227,0.634,1.015,0.349,NA,NA,NA,NA,NA,NA,NA,NA,0.236,-1.126,-0.862,NA,NA,-0.349,-0.045,CNS.2,NA,ML.2,NA
Joubiniteuthis_portieri,4,0,0,1,0,1.081,-1.227,0.634,1.015,0.349,NA,NA,NA,NA,NA,NA,NA,NA,0.236,-1.126,-0.862,NA,NA,-0.349,-0.045,CNS.3,NA,ML.3,NA
Leachia_atlantica,3,0,0,1,0,0.575,0.881,0.36,0.587,0.548,NA,NA,NA,NA,NA,NA,NA,NA,-0.42,-1.126,-1.013,NA,NA,-0.414,-0.13,CNS.1,-1.182,ML.1,0.672
Leachia_atlantica,3,0,0,1,0,0.575,0.881,0.36,0.587,0.548,NA,NA,NA,NA,NA,NA,NA,NA,-0.42,-1.126,-1.013,NA,NA,-0.414,-0.13,CNS.2,NA,ML.2,NA
Leachia_atlantica,3,0,0,1,0,0.575,0.881,0.36,0.587,0.548,NA,NA,NA,NA,NA,NA,NA,NA,-0.42,-1.126,-1.013,NA,NA,-0.414,-0.13,CNS.3,NA,ML.3,NA
Loligo_forbesii,1,1,1,3,1,0.152,0.553,0.195,0.11,-0.218,NA,NA,0.681,0.273,NA,-0.317,0.203,1.339,1.061,1.578,1.693,NA,0.438,0.986,0.459,CNS.1,0.842,ML.1,-0.49
Loligo_forbesii,1,1,1,3,1,0.152,0.553,0.195,0.11,-0.218,NA,NA,0.681,0.273,NA,-0.317,0.203,1.339,1.061,1.578,1.693,NA,0.438,0.986,0.459,CNS.2,NA,ML.2,NA
Loligo_forbesii,1,1,1,3,1,0.152,0.553,0.195,0.11,-0.218,NA,NA,0.681,0.273,NA,-0.317,0.203,1.339,1.061,1.578,1.693,NA,0.438,0.986,0.459,CNS.3,NA,ML.3,NA
Loligo_vulgaris,1,1,1,3,1,-0.255,0.471,0.004,-0.288,0.46,1.195,-0.246,0.439,0.279,0.866,1.181,0.742,0.757,1.061,1.925,2.14,0.861,0.26,0.197,0.266,CNS.1,1.507,ML.1,1.412
Loligo_vulgaris,1,1,1,3,1,-0.255,0.471,0.004,-0.288,0.46,1.195,-0.246,0.439,0.279,0.866,1.181,0.742,0.757,1.061,1.925,2.14,0.861,0.26,0.197,0.266,CNS.2,1.529,ML.2,2.022
Loligo_vulgaris,1,1,1,3,1,-0.255,0.471,0.004,-0.288,0.46,1.195,-0.246,0.439,0.279,0.866,1.181,0.742,0.757,1.061,1.925,2.14,0.861,0.26,0.197,0.266,CNS.3,NA,ML.3,NA
Lolliguncula_brevis,1,2,1,3,1,-2.281,-1.227,-0.948,-2.272,0.398,-0.794,-2.705,-0.796,-0.078,1.152,0.933,0.934,0.371,0.701,0.981,1.241,-1.417,-0.673,-0.2,0.081,CNS.1,-0.781,ML.1,-0.005
Lolliguncula_brevis,1,2,1,3,1,-2.281,-1.227,-0.948,-2.272,0.398,-0.794,-2.705,-0.796,-0.078,1.152,0.933,0.934,0.371,0.701,0.981,1.241,-1.417,-0.673,-0.2,0.081,CNS.2,NA,ML.2,NA
Lolliguncula_brevis,1,2,1,3,1,-2.281,-1.227,-0.948,-2.272,0.398,-0.794,-2.705,-0.796,-0.078,1.152,0.933,0.934,0.371,0.701,0.981,1.241,-1.417,-0.673,-0.2,0.081,CNS.3,NA,ML.3,NA
Lycoteuthis_lorigera,2,0,0,1,0,0.372,0.934,0.203,0.475,-0.302,-0.715,-1.287,-0.07,0.566,NA,NA,NA,-0.828,0.701,-0.086,-0.39,-1.062,0.041,-2.591,0.418,CNS.1,0.548,ML.1,0.072
Lycoteuthis_lorigera,2,0,0,1,0,0.372,0.934,0.203,0.475,-0.302,-0.715,-1.287,-0.07,0.566,NA,NA,NA,-0.828,0.701,-0.086,-0.39,-1.062,0.041,-2.591,0.418,CNS.2,NA,ML.2,NA
Lycoteuthis_lorigera,2,0,0,1,0,0.372,0.934,0.203,0.475,-0.302,-0.715,-1.287,-0.07,0.566,NA,NA,NA,-0.828,0.701,-0.086,-0.39,-1.062,0.041,-2.591,0.418,CNS.3,NA,ML.3,NA
Macrotritopus_defilippi,1,2,1,1,0,0.424,-1.227,0.324,0.373,-0.362,0.782,1.138,NA,NA,1.152,0.628,-0.957,-0.828,-1.54,0.048,-0.161,0.943,NA,1.213,0.498,CNS.1,0.237,ML.1,-0.758
Macrotritopus_defilippi,1,2,1,1,0,0.424,-1.227,0.324,0.373,-0.362,0.782,1.138,NA,NA,1.152,0.628,-0.957,-0.828,-1.54,0.048,-0.161,0.943,NA,1.213,0.498,CNS.2,-0.458,ML.2,-1.116
Macrotritopus_defilippi,1,2,1,1,0,0.424,-1.227,0.324,0.373,-0.362,0.782,1.138,NA,NA,1.152,0.628,-0.957,-0.828,-1.54,0.048,-0.161,0.943,NA,1.213,0.498,CNS.3,-0.429,ML.3,NA
Mastigoteuthis_agassizii,4,0,0,1,0,0.696,0.962,0.373,0.77,0.875,NA,NA,NA,NA,NA,-1.263,NA,NA,-1.54,-1.307,-1.209,NA,NA,-0.349,-0.045,CNS.1,-0.836,ML.1,-0.272
Mastigoteuthis_agassizii,4,0,0,1,0,0.696,0.962,0.373,0.77,0.875,NA,NA,NA,NA,NA,-1.263,NA,NA,-1.54,-1.307,-1.209,NA,NA,-0.349,-0.045,CNS.2,NA,ML.2,NA
Mastigoteuthis_agassizii,4,0,0,1,0,0.696,0.962,0.373,0.77,0.875,NA,NA,NA,NA,NA,-1.263,NA,NA,-1.54,-1.307,-1.209,NA,NA,-0.349,-0.045,CNS.3,NA,ML.3,NA
Megalocranchia_oceanica,3,0,0,1,0,0.617,0.819,0.399,0.593,0.832,NA,NA,NA,NA,NA,NA,NA,NA,-0.42,-1.307,-1.956,NA,NA,-0.57,-4.816,CNS.1,0.581,ML.1,1.786
Megalocranchia_oceanica,3,0,0,1,0,0.617,0.819,0.399,0.593,0.832,NA,NA,NA,NA,NA,NA,NA,NA,-0.42,-1.307,-1.956,NA,NA,-0.57,-4.816,CNS.2,NA,ML.2,NA
Megalocranchia_oceanica,3,0,0,1,0,0.617,0.819,0.399,0.593,0.832,NA,NA,NA,NA,NA,NA,NA,NA,-0.42,-1.307,-1.956,NA,NA,-0.57,-4.816,CNS.3,NA,ML.3,NA
Neorossia_caroli,4,2,1,1,0,0.525,0.738,0.365,0.486,0.977,0.2,0.16,NA,NA,NA,NA,NA,NA,-0.42,-0.149,-0.071,0.132,NA,-0.349,-0.045,CNS.1,-1.048,ML.1,-0.272
Neorossia_caroli,4,2,1,1,0,0.525,0.738,0.365,0.486,0.977,0.2,0.16,NA,NA,NA,NA,NA,NA,-0.42,-0.149,-0.071,0.132,NA,-0.349,-0.045,CNS.2,NA,ML.2,NA
Neorossia_caroli,4,2,1,1,0,0.525,0.738,0.365,0.486,0.977,0.2,0.16,NA,NA,NA,NA,NA,NA,-0.42,-0.149,-0.071,0.132,NA,-0.349,-0.045,CNS.3,NA,ML.3,NA
Neoteuthis_thielei,4,0,0,1,0,0.617,0.952,0.335,0.694,1.024,NA,NA,NA,NA,NA,NA,NA,NA,NA,-1.996,-1.956,NA,NA,-0.242,0.051,CNS.1,-1.174,ML.1,-1.42
Neoteuthis_thielei,4,0,0,1,0,0.617,0.952,0.335,0.694,1.024,NA,NA,NA,NA,NA,NA,NA,NA,NA,-1.996,-1.956,NA,NA,-0.242,0.051,CNS.2,NA,ML.2,NA
Neoteuthis_thielei,4,0,0,1,0,0.617,0.952,0.335,0.694,1.024,NA,NA,NA,NA,NA,NA,NA,NA,NA,-1.996,-1.956,NA,NA,-0.242,0.051,CNS.3,NA,ML.3,NA
Octopoteuthis_danae,4,0,0,1,0,0.152,-1.227,0.197,0.107,-0.425,NA,NA,NA,NA,NA,NA,NA,NA,-1.54,-1.996,-1.013,NA,NA,0.023,0.2,CNS.1,0.324,ML.1,-0.088
Octopoteuthis_danae,4,0,0,1,0,0.152,-1.227,0.197,0.107,-0.425,NA,NA,NA,NA,NA,NA,NA,NA,-1.54,-1.996,-1.013,NA,NA,0.023,0.2,CNS.2,NA,ML.2,NA
Octopoteuthis_danae,4,0,0,1,0,0.152,-1.227,0.197,0.107,-0.425,NA,NA,NA,NA,NA,NA,NA,NA,-1.54,-1.996,-1.013,NA,NA,0.023,0.2,CNS.3,NA,ML.3,NA
Octopus_bimaculatus,1,2,1,2,0,-0.887,-1.227,-0.293,-0.91,-1.368,0.2,0.16,0.544,0.887,0.515,0.933,1.473,0.757,-1.54,0.562,0.633,0.132,0.554,0.506,0.356,CNS.1,0.128,ML.1,NA
Octopus_bimaculatus,1,2,1,2,0,-0.887,-1.227,-0.293,-0.91,-1.368,0.2,0.16,0.544,0.887,0.515,0.933,1.473,0.757,-1.54,0.562,0.633,0.132,0.554,0.506,0.356,CNS.2,NA,ML.2,NA
Octopus_bimaculatus,1,2,1,2,0,-0.887,-1.227,-0.293,-0.91,-1.368,0.2,0.16,0.544,0.887,0.515,0.933,1.473,0.757,-1.54,0.562,0.633,0.132,0.554,0.506,0.356,CNS.3,NA,ML.3,NA
Octopus_salutii,1,2,1,1,0,-2.406,-1.227,-1.007,-2.394,-1.444,0.2,0.732,NA,NA,NA,NA,NA,-0.127,-1.54,-0.183,-0.212,0.376,NA,1.017,0.464,CNS.1,0.686,ML.1,0.131
Octopus_salutii,1,2,1,1,0,-2.406,-1.227,-1.007,-2.394,-1.444,0.2,0.732,NA,NA,NA,NA,NA,-0.127,-1.54,-0.183,-0.212,0.376,NA,1.017,0.464,CNS.2,1.784,ML.2,0.191
Octopus_salutii,1,2,1,1,0,-2.406,-1.227,-1.007,-2.394,-1.444,0.2,0.732,NA,NA,NA,NA,NA,-0.127,-1.54,-0.183,-0.212,0.376,NA,1.017,0.464,CNS.3,NA,ML.3,NA
Octopus_vulgaris,1,2,1,1,0,0.003,0.696,0.116,-0.019,0.642,1.195,-2.369,2.009,-1.984,2.106,1.574,2.352,1.57,1.061,2.617,2.895,0.653,1.399,-0.221,0.067,CNS.1,1.311,ML.1,0.864
Octopus_vulgaris,1,2,1,1,0,0.003,0.696,0.116,-0.019,0.642,1.195,-2.369,2.009,-1.984,2.106,1.574,2.352,1.57,1.061,2.617,2.895,0.653,1.399,-0.221,0.067,CNS.2,0.529,ML.2,NA
Octopus_vulgaris,1,2,1,1,0,0.003,0.696,0.116,-0.019,0.642,1.195,-2.369,2.009,-1.984,2.106,1.574,2.352,1.57,1.061,2.617,2.895,0.653,1.399,-0.221,0.067,CNS.3,1.014,ML.3,0.817
Ocythoe_tuberculata,1,0,0,1,0,-0.618,-1.227,-0.166,-0.646,0.996,-1.788,-0.819,NA,NA,-0.575,NA,-0.957,0.371,1.356,0.158,0.01,-1.614,NA,-0.525,-0.429,CNS.1,0.79,ML.1,NA
Ocythoe_tuberculata,1,0,0,1,0,-0.618,-1.227,-0.166,-0.646,0.996,-1.788,-0.819,NA,NA,-0.575,NA,-0.957,0.371,1.356,0.158,0.01,-1.614,NA,-0.525,-0.429,CNS.2,0.823,ML.2,0.812
Ocythoe_tuberculata,1,0,0,1,0,-0.618,-1.227,-0.166,-0.646,0.996,-1.788,-0.819,NA,NA,-0.575,NA,-0.957,0.371,1.356,0.158,0.01,-1.614,NA,-0.525,-0.429,CNS.3,1.119,ML.3,1.143
Onychoteuthis_banksii,4,0,0,3,1,-0.927,-1.227,-0.311,-0.948,-0.302,-0.794,0.16,0.053,-0.078,0.062,NA,NA,0.371,0.701,0.216,0.285,-0.512,-0.136,1.001,0.462,CNS.1,-0.588,ML.1,-0.788
Onychoteuthis_banksii,4,0,0,3,1,-0.927,-1.227,-0.311,-0.948,-0.302,-0.794,0.16,0.053,-0.078,0.062,NA,NA,0.371,0.701,0.216,0.285,-0.512,-0.136,1.001,0.462,CNS.2,-0.151,ML.2,-0.179
Onychoteuthis_banksii,4,0,0,3,1,-0.927,-1.227,-0.311,-0.948,-0.302,-0.794,0.16,0.053,-0.078,0.062,NA,NA,0.371,0.701,0.216,0.285,-0.512,-0.136,1.001,0.462,CNS.3,0.508,ML.3,0.13
Pickfordiateuthis_pulchella,1,2,1,3,1,1.081,-1.227,0.634,1.015,0.003,NA,NA,NA,NA,NA,NA,NA,NA,NA,-0.618,-0.862,NA,NA,-0.48,-0.264,CNS.1,-1.665,ML.1,-1.529
Pickfordiateuthis_pulchella,1,2,1,3,1,1.081,-1.227,0.634,1.015,0.003,NA,NA,NA,NA,NA,NA,NA,NA,NA,-0.618,-0.862,NA,NA,-0.48,-0.264,CNS.2,-1.227,ML.2,-0.511
Pickfordiateuthis_pulchella,1,2,1,3,1,1.081,-1.227,0.634,1.015,0.003,NA,NA,NA,NA,NA,NA,NA,NA,NA,-0.618,-0.862,NA,NA,-0.48,-0.264,CNS.3,-1.263,ML.3,0.888
Pteroctopus_tetracirrhus,3,2,1,1,0,-2.47,-1.227,-1.037,-2.457,-0.066,0.782,0.16,1.031,1.536,NA,NA,NA,NA,-0.42,-0.057,-0.114,0.589,1.128,0.272,0.291,CNS.1,0.842,ML.1,0.239
Pteroctopus_tetracirrhus,3,2,1,1,0,-2.47,-1.227,-1.037,-2.457,-0.066,0.782,0.16,1.031,1.536,NA,NA,NA,NA,-0.42,-0.057,-0.114,0.589,1.128,0.272,0.291,CNS.2,NA,ML.2,NA
Pteroctopus_tetracirrhus,3,2,1,1,0,-2.47,-1.227,-1.037,-2.457,-0.066,0.782,0.16,1.031,1.536,NA,NA,NA,NA,-0.42,-0.057,-0.114,0.589,1.128,0.272,0.291,CNS.3,NA,ML.3,NA
Pterygioteuthis_giardi,2,0,0,1,0,0.214,0.696,0.219,0.182,0.705,NA,NA,NA,NA,-0.575,-1.263,NA,NA,0.236,-0.34,-0.462,NA,NA,-0.686,-0.21,CNS.1,-2.028,ML.1,-1.42
Pterygioteuthis_giardi,2,0,0,1,0,0.214,0.696,0.219,0.182,0.705,NA,NA,NA,NA,-0.575,-1.263,NA,NA,0.236,-0.34,-0.462,NA,NA,-0.686,-0.21,CNS.2,0.717,ML.2,0.591
Pterygioteuthis_giardi,2,0,0,1,0,0.214,0.696,0.219,0.182,0.705,NA,NA,NA,NA,-0.575,-1.263,NA,NA,0.236,-0.34,-0.462,NA,NA,-0.686,-0.21,CNS.3,-0.95,ML.3,NA
Pyroteuthis_margaritifera,2,0,0,1,0,0.681,-1.227,0.445,0.624,1.07,NA,NA,NA,NA,-0.575,NA,NA,-0.127,-0.42,-0.219,-0.39,NA,NA,-0.349,-0.045,CNS.1,-0.444,ML.1,-0.758
Pyroteuthis_margaritifera,2,0,0,1,0,0.681,-1.227,0.445,0.624,1.07,NA,NA,NA,NA,-0.575,NA,NA,-0.127,-0.42,-0.219,-0.39,NA,NA,-0.349,-0.045,CNS.2,NA,ML.2,NA
Pyroteuthis_margaritifera,2,0,0,1,0,0.681,-1.227,0.445,0.624,1.07,NA,NA,NA,NA,-0.575,NA,NA,-0.127,-0.42,-0.219,-0.39,NA,NA,-0.349,-0.045,CNS.3,NA,ML.3,NA
Rossia_macrosoma,4,2,1,2,0,0.424,-1.227,0.324,0.373,0.13,-0.794,0.16,-0.069,0.023,NA,NA,NA,-0.127,0.701,0.483,0.26,-0.512,-0.185,0.97,0.456,CNS.1,0.56,ML.1,0.026
Rossia_macrosoma,4,2,1,2,0,0.424,-1.227,0.324,0.373,0.13,-0.794,0.16,-0.069,0.023,NA,NA,NA,-0.127,0.701,0.483,0.26,-0.512,-0.185,0.97,0.456,CNS.2,-1.094,ML.2,-0.706
Rossia_macrosoma,4,2,1,2,0,0.424,-1.227,0.324,0.373,0.13,-0.794,0.16,-0.069,0.023,NA,NA,NA,-0.127,0.701,0.483,0.26,-0.512,-0.185,0.97,0.456,CNS.3,-1.058,ML.3,-0.749
Sandalops_melancholicus,3,0,0,1,0,0.082,0.718,0.152,0.061,0.589,NA,NA,NA,NA,NA,NA,NA,NA,-1.54,-0.775,-0.738,NA,NA,-0.525,-0.429,CNS.1,-0.705,ML.1,0.475
Sandalops_melancholicus,3,0,0,1,0,0.082,0.718,0.152,0.061,0.589,NA,NA,NA,NA,NA,NA,NA,NA,-1.54,-0.775,-0.738,NA,NA,-0.525,-0.429,CNS.2,0.12,ML.2,0.066
Sandalops_melancholicus,3,0,0,1,0,0.082,0.718,0.152,0.061,0.589,NA,NA,NA,NA,NA,NA,NA,NA,-1.54,-0.775,-0.738,NA,NA,-0.525,-0.429,CNS.3,NA,ML.3,NA
Scaeurgus_unicirrhus,4,2,1,1,0,0.617,-1.227,0.415,0.561,0.414,0.2,1.138,0.053,0.887,NA,NA,-0.957,-0.127,-1.54,0.216,0.285,0.588,0.261,-0.221,0.067,CNS.1,0.319,ML.1,NA
Scaeurgus_unicirrhus,4,2,1,1,0,0.617,-1.227,0.415,0.561,0.414,0.2,1.138,0.053,0.887,NA,NA,-0.957,-0.127,-1.54,0.216,0.285,0.588,0.261,-0.221,0.067,CNS.2,NA,ML.2,NA
Scaeurgus_unicirrhus,4,2,1,1,0,0.617,-1.227,0.415,0.561,0.414,0.2,1.138,0.053,0.887,NA,NA,-0.957,-0.127,-1.54,0.216,0.285,0.588,0.261,-0.221,0.067,CNS.3,NA,ML.3,NA
Sepia_bandensis,1,2,1,2,0,0.003,0.712,0.114,-0.015,-0.637,-1.207,-0.246,-1.496,-0.873,0.062,-0.317,0.203,-2.028,NA,-0.872,-0.542,-0.97,-1.442,-0.392,-0.098,CNS.1,0.912,ML.1,-0.272
Sepia_bandensis,1,2,1,2,0,0.003,0.712,0.114,-0.015,-0.637,-1.207,-0.246,-1.496,-0.873,0.062,-0.317,0.203,-2.028,NA,-0.872,-0.542,-0.97,-1.442,-0.392,-0.098,CNS.2,0.186,ML.2,0.39
Sepia_bandensis,1,2,1,2,0,0.003,0.712,0.114,-0.015,-0.637,-1.207,-0.246,-1.496,-0.873,0.062,-0.317,0.203,-2.028,NA,-0.872,-0.542,-0.97,-1.442,-0.392,-0.098,CNS.3,0.678,ML.3,0.404
Sepia_elegans,1,2,1,1,0,-2.934,-1.227,-1.256,-2.911,0.519,-0.135,0.16,0.053,0.887,NA,NA,-0.957,0.371,0.701,0.745,0.553,-0.106,0.261,0.234,0.279,CNS.1,0.264,ML.1,-0.376
Sepia_elegans,1,2,1,1,0,-2.934,-1.227,-1.256,-2.911,0.519,-0.135,0.16,0.053,0.887,NA,NA,-0.957,0.371,0.701,0.745,0.553,-0.106,0.261,0.234,0.279,CNS.2,NA,ML.2,NA
Sepia_elegans,1,2,1,1,0,-2.934,-1.227,-1.256,-2.911,0.519,-0.135,0.16,0.053,0.887,NA,NA,-0.957,0.371,0.701,0.745,0.553,-0.106,0.261,0.234,0.279,CNS.3,NA,ML.3,NA
Sepia_officinalis,1,2,1,1,0,-0.19,0.676,0.025,-0.206,-0.139,0.782,0.037,1.031,0.595,1.956,1.878,2.352,1.339,0.701,2.545,2.687,0.555,0.801,0.907,0.444,CNS.1,1.152,ML.1,1.076
Sepia_officinalis,1,2,1,1,0,-0.19,0.676,0.025,-0.206,-0.139,0.782,0.037,1.031,0.595,1.956,1.878,2.352,1.339,0.701,2.545,2.687,0.555,0.801,0.907,0.444,CNS.2,0.001,ML.2,0
Sepia_officinalis,1,2,1,1,0,-0.19,0.676,0.025,-0.206,-0.139,0.782,0.037,1.031,0.595,1.956,1.878,2.352,1.339,0.701,2.545,2.687,0.555,0.801,0.907,0.444,CNS.3,NA,ML.3,NA
Sepia_orbignyana,1,2,1,1,0,-0.799,-1.227,-0.251,-0.823,0.382,-0.212,0.16,-0.204,-0.224,NA,-1.263,NA,1.073,0.236,0.529,0.146,-0.158,-0.368,0.216,0.273,CNS.1,0.736,ML.1,0.072
Sepia_orbignyana,1,2,1,1,0,-0.799,-1.227,-0.251,-0.823,0.382,-0.212,0.16,-0.204,-0.224,NA,-1.263,NA,1.073,0.236,0.529,0.146,-0.158,-0.368,0.216,0.273,CNS.2,1.392,ML.2,0.812
Sepia_orbignyana,1,2,1,1,0,-0.799,-1.227,-0.251,-0.823,0.382,-0.212,0.16,-0.204,-0.224,NA,-1.263,NA,1.073,0.236,0.529,0.146,-0.158,-0.368,0.216,0.273,CNS.3,0.945,ML.3,0.933
Sepia_plangon,1,2,1,2,0,-0.249,0.651,-0.001,-0.267,-0.897,-1.055,-0.097,NA,NA,-0.575,NA,1.237,-2.028,NA,-0.618,-0.462,-0.802,NA,-1.721,0.308,CNS.1,1.664,ML.1,0.42
Sepia_plangon,1,2,1,2,0,-0.249,0.651,-0.001,-0.267,-0.897,-1.055,-0.097,NA,NA,-0.575,NA,1.237,-2.028,NA,-0.618,-0.462,-0.802,NA,-1.721,0.308,CNS.2,0.66,ML.2,0.39
Sepia_plangon,1,2,1,2,0,-0.249,0.651,-0.001,-0.267,-0.897,-1.055,-0.097,NA,NA,-0.575,NA,1.237,-2.028,NA,-0.618,-0.462,-0.802,NA,-1.721,0.308,CNS.3,NA,ML.3,NA
Sepietta_oweniana,1,2,1,2,0,-1.516,0.41,-0.592,-1.516,0.15,-1.207,-0.819,-0.924,-0.874,0.062,-1.263,-0.225,1.073,1.061,0.458,0.422,-1.259,1.681,0.986,0.459,CNS.1,-0.159,ML.1,-0.988
Sepietta_oweniana,1,2,1,2,0,-1.516,0.41,-0.592,-1.516,0.15,-1.207,-0.819,-0.924,-0.874,0.062,-1.263,-0.225,1.073,1.061,0.458,0.422,-1.259,1.681,0.986,0.459,CNS.2,1.363,ML.2,0.658
Sepietta_oweniana,1,2,1,2,0,-1.516,0.41,-0.592,-1.516,0.15,-1.207,-0.819,-0.924,-0.874,0.062,-1.263,-0.225,1.073,1.061,0.458,0.422,-1.259,1.681,0.986,0.459,CNS.3,2.095,ML.3,0.958
Sepiola_affinis,1,2,1,2,0,0.152,0.595,0.194,0.112,-1.915,NA,NA,NA,NA,0.062,-0.317,0.203,NA,NA,-0.34,-0.071,NA,NA,0.939,0.45,CNS.1,-0.214,ML.1,-1.102
Sepiola_affinis,1,2,1,2,0,0.152,0.595,0.194,0.112,-1.915,NA,NA,NA,NA,0.062,-0.317,0.203,NA,NA,-0.34,-0.071,NA,NA,0.939,0.45,CNS.2,-1.083,ML.2,-1.254
Sepiola_affinis,1,2,1,2,0,0.152,0.595,0.194,0.112,-1.915,NA,NA,NA,NA,0.062,-0.317,0.203,NA,NA,-0.34,-0.071,NA,NA,0.939,0.45,CNS.3,NA,ML.3,NA
Sepiola_robusta,1,2,1,1,0,-1.005,0.651,-0.375,-0.971,-1.444,-1.207,-0.818,NA,NA,0.062,-1.263,-0.957,-2.028,NA,-0.219,-0.071,-1.259,NA,0.859,0.435,CNS.1,-0.471,ML.1,-1.369
Sepiola_robusta,1,2,1,1,0,-1.005,0.651,-0.375,-0.971,-1.444,-1.207,-0.818,NA,NA,0.062,-1.263,-0.957,-2.028,NA,-0.219,-0.071,-1.259,NA,0.859,0.435,CNS.2,-1.486,ML.2,-1.57
Sepiola_robusta,1,2,1,1,0,-1.005,0.651,-0.375,-0.971,-1.444,-1.207,-0.818,NA,NA,0.062,-1.263,-0.957,-2.028,NA,-0.219,-0.071,-1.259,NA,0.859,0.435,CNS.3,NA,ML.3,NA
Sepiola_rondeletii,1,2,1,1,0,-0.315,0.699,-0.04,-0.317,-0.019,-0.212,0.732,NA,NA,-0.575,NA,NA,-0.828,NA,0.216,-0.212,0.132,NA,0.859,0.435,CNS.1,-0.307,ML.1,-1.228
Sepiola_rondeletii,1,2,1,1,0,-0.315,0.699,-0.04,-0.317,-0.019,-0.212,0.732,NA,NA,-0.575,NA,NA,-0.828,NA,0.216,-0.212,0.132,NA,0.859,0.435,CNS.2,-1.449,ML.2,-1.485
Sepiola_rondeletii,1,2,1,1,0,-0.315,0.699,-0.04,-0.317,-0.019,-0.212,0.732,NA,NA,-0.575,NA,NA,-0.828,NA,0.216,-0.212,0.132,NA,0.859,0.435,CNS.3,NA,ML.3,NA
Sepioteuthis_lessoniana,1,1,1,3,1,-1.391,-1.227,-0.529,-1.402,0.753,-0.794,-0.818,-1.299,-1.036,-0.575,-0.317,1.362,-0.127,-1.54,1.388,1.253,-0.969,-1.401,-0.458,-0.21,CNS.1,1.368,ML.1,0.486
Sepioteuthis_lessoniana,1,1,1,3,1,-1.391,-1.227,-0.529,-1.402,0.753,-0.794,-0.818,-1.299,-1.036,-0.575,-0.317,1.362,-0.127,-1.54,1.388,1.253,-0.969,-1.401,-0.458,-0.21,CNS.2,NA,ML.2,NA
Sepioteuthis_lessoniana,1,1,1,3,1,-1.391,-1.227,-0.529,-1.402,0.753,-0.794,-0.818,-1.299,-1.036,-0.575,-0.317,1.362,-0.127,-1.54,1.388,1.253,-0.969,-1.401,-0.458,-0.21,CNS.3,NA,ML.3,NA
Sepioteuthis_sepioidea,1,1,1,3,1,-2.47,-1.227,-1.037,-2.457,-0.273,-0.381,0.16,-0.925,-0.224,2.106,1.181,1.237,-0.828,-1.54,0.704,0.805,-0.268,-0.814,-0.242,0.051,CNS.1,0.782,ML.1,0.825
Sepioteuthis_sepioidea,1,1,1,3,1,-2.47,-1.227,-1.037,-2.457,-0.273,-0.381,0.16,-0.925,-0.224,2.106,1.181,1.237,-0.828,-1.54,0.704,0.805,-0.268,-0.814,-0.242,0.051,CNS.2,NA,ML.2,NA
Sepioteuthis_sepioidea,1,1,1,3,1,-2.47,-1.227,-1.037,-2.457,-0.273,-0.381,0.16,-0.925,-0.224,2.106,1.181,1.237,-0.828,-1.54,0.704,0.805,-0.268,-0.814,-0.242,0.051,CNS.3,NA,ML.3,NA
Spirula_spirula,4,0,0,3,1,0.152,0.819,0.163,0.169,0.705,-0.061,0.16,0.368,0.887,-0.575,NA,NA,-0.127,0.236,0.66,0.817,-0.055,0.444,-0.327,-0.023,CNS.1,-1.008,ML.1,-1.529
Spirula_spirula,4,0,0,3,1,0.152,0.819,0.163,0.169,0.705,-0.061,0.16,0.368,0.887,-0.575,NA,NA,-0.127,0.236,0.66,0.817,-0.055,0.444,-0.327,-0.023,CNS.2,NA,ML.2,NA
Spirula_spirula,4,0,0,3,1,0.152,0.819,0.163,0.169,0.705,-0.061,0.16,0.368,0.887,-0.575,NA,NA,-0.127,0.236,0.66,0.817,-0.055,0.444,-0.327,-0.023,CNS.3,NA,ML.3,NA
Taonius_pavo,3,0,0,1,0,0.617,0.992,0.279,0.758,0.575,NA,NA,NA,NA,-1.666,NA,NA,NA,0.701,0.094,0.233,NA,NA,-0.458,-0.21,CNS.1,0.684,ML.1,2.358
Taonius_pavo,3,0,0,1,0,0.617,0.992,0.279,0.758,0.575,NA,NA,NA,NA,-1.666,NA,NA,NA,0.701,0.094,0.233,NA,NA,-0.458,-0.21,CNS.2,NA,ML.2,NA
Taonius_pavo,3,0,0,1,0,0.617,0.992,0.279,0.758,0.575,NA,NA,NA,NA,-1.666,NA,NA,NA,0.701,0.094,0.233,NA,NA,-0.458,-0.21,CNS.3,NA,ML.3,NA
Teuthowenia_megalops,3,0,0,1,0,0.818,0.738,0.505,0.767,-0.218,0.782,1.138,NA,NA,0.062,NA,NA,NA,0.701,-0.183,-0.114,0.943,NA,1.315,0.515,CNS.1,0.781,ML.1,1.506
Teuthowenia_megalops,3,0,0,1,0,0.818,0.738,0.505,0.767,-0.218,0.782,1.138,NA,NA,0.062,NA,NA,NA,0.701,-0.183,-0.114,0.943,NA,1.315,0.515,CNS.2,NA,ML.2,NA
Teuthowenia_megalops,3,0,0,1,0,0.818,0.738,0.505,0.767,-0.218,0.782,1.138,NA,NA,0.062,NA,NA,NA,0.701,-0.183,-0.114,0.943,NA,1.315,0.515,CNS.3,NA,ML.3,NA
Todarodes_sagittatus,2,1,1,3,1,1.174,-1.227,0.677,1.106,0.642,-0.573,0.159,-0.415,-0.339,NA,NA,NA,0.371,0.701,1.143,1.104,-0.386,-0.553,0.678,0.397,CNS.1,1.583,ML.1,1.614
Todarodes_sagittatus,2,1,1,3,1,1.174,-1.227,0.677,1.106,0.642,-0.573,0.159,-0.415,-0.339,NA,NA,NA,0.371,0.701,1.143,1.104,-0.386,-0.553,0.678,0.397,CNS.2,1.918,ML.2,2.598
Todarodes_sagittatus,2,1,1,3,1,1.174,-1.227,0.677,1.106,0.642,-0.573,0.159,-0.415,-0.339,NA,NA,NA,0.371,0.701,1.143,1.104,-0.386,-0.553,0.678,0.397,CNS.3,NA,ML.3,NA
Todaropsis_eblanae,2,2,1,1,0,0.042,0.676,0.137,0.014,0.776,-0.794,-0.601,NA,NA,NA,NA,NA,0.371,1.061,0.841,0.862,-0.884,NA,-0.118,0.131,CNS.1,1.23,ML.1,0.809
Todaropsis_eblanae,2,2,1,1,0,0.042,0.676,0.137,0.014,0.776,-0.794,-0.601,NA,NA,NA,NA,NA,0.371,1.061,0.841,0.862,-0.884,NA,-0.118,0.131,CNS.2,1.2,ML.2,1.278
Todaropsis_eblanae,2,2,1,1,0,0.042,0.676,0.137,0.014,0.776,-0.794,-0.601,NA,NA,NA,NA,NA,0.371,1.061,0.841,0.862,-0.884,NA,-0.118,0.131,CNS.3,NA,ML.3,NA
Tremoctopus_violaceus,1,0,0,1,0,-0.777,-1.227,-0.241,-0.802,0.445,0.2,1.138,NA,NA,0.515,-0.317,-0.225,0.371,0.236,0.529,0.176,0.588,NA,-0.48,-0.264,CNS.1,0.957,ML.1,-0.071
Tremoctopus_violaceus,1,0,0,1,0,-0.777,-1.227,-0.241,-0.802,0.445,0.2,1.138,NA,NA,0.515,-0.317,-0.225,0.371,0.236,0.529,0.176,0.588,NA,-0.48,-0.264,CNS.2,0.356,ML.2,NA
Tremoctopus_violaceus,1,0,0,1,0,-0.777,-1.227,-0.241,-0.802,0.445,0.2,1.138,NA,NA,0.515,-0.317,-0.225,0.371,0.236,0.529,0.176,0.588,NA,-0.48,-0.264,CNS.3,-0.827,ML.3,-1.488
Vampyroteuthis_infernalis,4,0,0,1,0,0.952,0.881,0.553,0.928,0.717,2.189,1.711,NA,NA,0.866,-0.317,NA,0.757,-0.42,0.551,0.5,2.195,NA,-0.017,0.182,CNS.1,-0.472,ML.1,-0.617
Vampyroteuthis_infernalis,4,0,0,1,0,0.952,0.881,0.553,0.928,0.717,2.189,1.711,NA,NA,0.866,-0.317,NA,0.757,-0.42,0.551,0.5,2.195,NA,-0.017,0.182,CNS.2,-1.016,ML.2,-0.142
Vampyroteuthis_infernalis,4,0,0,1,0,0.952,0.881,0.553,0.928,0.717,2.189,1.711,NA,NA,0.866,-0.317,NA,0.757,-0.42,0.551,0.5,2.195,NA,-0.017,0.182,CNS.3,NA,ML.3,NA
Vitreledonella_richardi,4,0,0,1,0,0.618,0.758,0.408,0.579,1.07,NA,NA,NA,NA,-0.575,NA,-0.957,NA,NA,-0.872,-1.209,NA,NA,-0.349,-0.045,CNS.1,-1.233,ML.1,-0.158
Vitreledonella_richardi,4,0,0,1,0,0.618,0.758,0.408,0.579,1.07,NA,NA,NA,NA,-0.575,NA,-0.957,NA,NA,-0.872,-1.209,NA,NA,-0.349,-0.045,CNS.2,NA,ML.2,NA
Vitreledonella_richardi,4,0,0,1,0,0.618,0.758,0.408,0.579,1.07,NA,NA,NA,NA,-0.575,NA,-0.957,NA,NA,-0.872,-1.209,NA,NA,-0.349,-0.045,CNS.3,NA,ML.3,NA